Description,Part Reference,Qty,Part Num,Manufacturer / Datasheet,Distributor,Notes,,,
,,,,,,,,,
ABS Case,,1,Pactec PT-10,,"Mouser,PacTec",http://www.pactecenclosures.com/Plastic-Enclosures/PT-10.html,,,
Set of main and I/O panels,,1,,Custom,Adafruit,,,,
Set of main and I/O PCBs,,1,,Custom,Adafruit,,,,
ATmega162 microcontroller,IC3,1,Atmega162-16PU,,"Mouser,Digikey",For programmed version Adafruit,,,
9VAC 300-500mA wall wart 2.1mm barrel adaptor,,1,,,,,,,
2SA733P TO-92 PNP transistor,Q1* Q2* Q8 Q9 Q10 Q27 Q31 Q33 Q36 Q38,10,Fairchild 2SA733P,,Mouser,,,,
2SC536F TO-92 NPN transistor,Q3* Q4* Q5 Q11 Q13 Q23 Q14 Q15 Q16 Q17 Q18 Q19 Q20 Q24 Q25 Q29 Q30 Q32 Q34 Q35 Q37 Q40 Q41 Q50,24,,Rare,https://www.ladyada.net/wiki/x0x/rareparts,,,,
2SK30 JFET,Q28 Q39,2,,Rare,https://www.ladyada.net/wiki/x0x/rareparts ,May be 2SK30AY and 2SK30AO see the instructions for which one to put where.,,,
2SC2291 5-SIP matched pair with common base,Q22,1,,Rare,https://www.ladyada.net/wiki/x0x/rareparts,,,,
2SC1583 5-SIP matched pair with common emitter,Q12 Q21 Q26,3,,Rare,https://www.ladyada.net/wiki/x0x/rareparts,,,,
LA4140 9-SIP Headphone amplifier,IC14,1,,Rare,https://www.ladyada.net/wiki/x0x/rareparts,,,,
BA6110 (9-SIP) Operational Transconductance Amplifier,IC15B*,1,,Rare,https://www.ladyada.net/wiki/x0x/rareparts,,,,
BA662A (9-SIP) Operational Transconductance Amplifier,IC15A*,(optional),,Extremely rare,https://www.ladyada.net/wiki/x0x/rareparts,,,,
7805 (TO-220) 5V 1A voltage regulator,IC20,1,,,,,,,
7806 (TO-92) 6V 100mA voltage regulator,IC21,1,,,,,,,
LM336Z-5.0 (TO-92) 5V precision voltage reference,IC22,1,,,,,,,
FT232 USB chip,IC25,1,FT232BM,,,,,,
6MHz ceramic resonator,XTAL2,1,AWCR-6.00MD ,Abracon ,,http://www.abracon.com/Resonators/awcr.pdf,,,
16MHz ceramic resonator,XTAL1,1,AWCR-16.00MD,Abracon ,,http://www.abracon.com/Resonators/awcr.pdf,,,
1N4001,D40 D41 D42 D43,4,,,,,,,
1N4148,D1 D2 D3 D4 D5 D6 D7 D8 D9 D10 D25 D26 D28 D29 D30 D31 D44 D45 D46 D47 D48 D24 D27 D35 D36 D32 D33 D34 D37,29,,,,,,,
Red 5mm LED,LED1-LED40,40,,,,,,,
0.24inch LED standoff,LED1*-LED40*,40,STD240B,,,http://www.mouser.com/search/ProductDetail.aspx?R=STD240BLKvirtualkey59300000virtualkey593-STD240B,,,
5% resistor Value depends on LED type and brightness,R203 R204 R205 R208 R211 R213 R215 R217 R221 R222 R223 R227 R228 R229 R234 R237 R238 R239 R241 R242 R243 R244 R245 R246 R248 R249 R250 R251 R252 R253 R256 R258 R260 R261 R262 R264 R265 R266 R267 R268,40,,,,,,,
AN6562 8-DIP dual Op-Amp,IC11 IC23,2,,Rare,https://www.ladyada.net/wiki/x0x/rareparts,,,,
4066 analog switch ,IC12,1,,http://www.mouser.com/search/ProductDetail/511-4066,http://www.onsemi.com/pub/Collateral/MC14066B-D.PDF,http://www.digikey.com/scripts/DkSearch/dksus.dll?Detail?name=296-2061-5-ND,,Mouser,
74HC174 or 74AC174,IC9,1,,http://www.fairchildsemi.com/ds/74/74AC174.pdf,http://www.mouser.com/search/ProductDetail.aspx?R=74AC174PCvirtualkey51210000virtualkey512-74AC174PC,http://www.digikey.com/scripts/DkSearch/dksus.dll?Detail?name=296-4236-5-ND,,,
74HC126,IC1,1,,http://focus.ti.com/docs/prod/folders/print/cd74hc126.html,http://www.mouser.com/search/ProductDetail.aspx?R=SN74HC126Nvirtualkey59500000virtualkey595-SN74HC126N,http://www.digikey.com/scripts/DkSearch/dksus.dll?Detail?name=296-8221-5-ND,,,
74AC165 or 74HC165,IC16 IC17 IC18,3,,http://focus.ti.com/general/docs/lit/getliterature.tsp?genericPartNumber=CD74HC165,Generic,http://www.digikey.com/scripts/DkSearch/dksus.dll?Detail?name=296-8251-5-ND,Digikey http://www.mouser.com/search/ProductDetail.aspx?R=M74HC165B1Rvirtualkey51120000virtualkey511-M74HC165,Mouser,
74HC595 ,IC4 IC5 IC6 IC7 IC8,5,,http://focus.ti.com/general/docs/lit/getliterature.tsp?genericPartNumber=SN74HC595,Generic,http://www.digikey.com/scripts/DkSearch/dksus.dll?Detail?name=568-1484-5-ND,Digikey http://www.mouser.com/Search/ProductDetail.aspx?R=M74HC595B1Rvirtualkey51120000virtualkey511-M74HC595,Mouser,
4N37 optoisolator,IC24,1,,http://www.fairchildsemi.com/ds/4N/4N37-M.pdf,Generic,http://www.mouser.com/search/ProductDetail.aspx?R=4N37Mvirtualkey51210000virtualkey512-4N37M,Mouser http://www.digikey.com/scripts/DkSearch/dksus.dll?Detail?name=160-1306-5-ND,Digikey,
25C33 or AT25320 32Kb (4KB) EEPROM,IC2,1,,http://www.catsemi.com/datasheets/25320.pdf,CAT2532,http://www.digikey.com/scripts/DkSearch/dksus.dll?Detail?name=CAT25320LI-G-ND,Digikey http://www.mouser.com/search/ProductDetail.aspx?R=CAT25320LI-Gvirtualkey69800000virtualkey698-CAT25320LI-G,Mouser,
Heat sink (TO-220),IC20,1,,Aavid http://www.aavidthermalloy.com/cgi-bin/stdisp_print.pl?Pnum=574502b00000,574502B00000G,http://www.mouser.com/search/ProductDetail.aspx?R=574502B00000Gvirtualkey53210000virtualkey532-574502B00,Mouser http://www.digikey.com/scripts/DkSearch/dksus.dll?PName?Name=HS198-ND&Site=US,Digikey http://alliedelec.com/Search/ProductDetail.asp?SKU=619-0154&MPN=574502B00000G,Allied
40-pin DIP socket,IC3',1,,AMP http://catalog.tycoelectronics.com/TE/bin/TE.Connect?C=1&M=BYPN&PN=390262-5&I=13,390262-5 (Any 40 pin socket will do),http://www.mouser.com/search/ProductDetail.aspx?R=390262-5virtualkey57100000virtualkey571-3902625,,,
8-pin DIP socket,IC2*,1,,AMP http://catalog.tycoelectronics.com/TE/bin/TE.Connect?C=1&M=BYPN&PN=390261-2&I=13,390261-2 (Any 8 pin socket will do),http://www.mouser.com/search/ProductDetail.aspx?R=390261-2virtualkey57100000virtualkey571-3902612,,,
1/4 stereo jack,MIXOUT MIXIN HEADPHONE,3,,Neutrik http://www.neutrik.com/content/products/detail.aspx?id=210_980737404&catId=CatMSDE_audio,NYS216,http://www.mouser.com/search/ProductDetail.aspx?R=NYS216virtualkey56810000virtualkey568-NYS216,http://alliedelec.com/Search/ProductDetail.asp?SKU=514-8640&MPN=NYS216,,
1/8 jack,CV GATE,2,,CUI http://www.cui.com/pdffiles/MJ-3536N.pdf,MJ-CP3536N,http://www.digikey.com/scripts/DkSearch/dksus.dll?Detail?name=CP-3536N-ND,,,
2.1mm power jack Power input,POWER,1,,CUI http://www.cui.com/pdffiles/PJ-202AH.pdf,PJ-202AH,http://www.digikey.com/scripts/DkSearch/dksus.dll?Detail?name=CP-202AH-ND,,,
USB type-B jack USB communication,USB,1,,Kobiconn http://www.mouser.com/catalog/specsheets/KC-301021.pdf,154-2442-E (Any USB type-B through hole jack is OK),http://www.mouser.com/search/ProductDetail.aspx?R=154-2442-Evirtualkey11180000virtualkey154-2442-E,,,
MIDI/DINSYNC jack MIDI In/Out/Thru and DINSYNC,DIN1 DIN2 DIN3 DIN4,4,,CUI http://www.cui.com/pdffiles/SDS-50J.pdf,SDS-50J (Nearly any MIDI jack is OK as long as the front pins match),http://www.digikey.com/scripts/DkSearch/dksus.dll?Detail?name=CP-2350-ND,,,
Toggle switch Waveform saw/square selection,SW1,1,,NKK http://www.nkkswitches.com/pdf/Btoggles.pdf,B12AB-RO,http://www.mouser.com/search/ProductDetail.aspx?R=B12AB-ROvirtualkey63300000virtualkey633-B12AB-RO,,,
Rotary encoder Tempo adjustment,S2,1,CTS 290VAA5F201B2,,http://www.digikey.com/scripts/DkSearch/dksus.dll?Detail?name=CT3011-ND,Digikey,,,
16 position rotary switch Bank and Mode selection,S3 S4,2,25LB22-H,Grayhill http://lgrws01.grayhill.com/web/images/ProductImages/Series%2025L%20Encoder.pdf,,http://www.digikey.com/scripts/DkSearch/dksus.dll?Detail?name=GH3074-ND,Digikey http://www.newark.com/jsp/displayProduct.jsp?sku=16F7295,Newark,
Tact switch For keyboard switches,S5 S6 S7 S8 S9 S10 S11 S12 S13 S14 S15 S16 S17 S18 S19 S20 S21 S22 S23 S24 S25 S26 S27,23,TL1100F160Q standard 12mm tact switch,E-Switch http://www.e-switch.com/pdf/TL1100.pdf,,http://www.digikey.com/scripts/DkSearch/dksus.dll?Detail?name=EG1821-ND,,,
2K (202) trim potentiometer,TM6,1,,Vishay http://www.vishay.com/docs/58000/ct20.pdf,CT6EP202 Any ceramic trim-pot with the same pinout is OK,http://www.digikey.com/scripts/DkSearch/dksus.dll?Detail?name=CT6EP202-ND,,,
5K (502) trim potentiometer,TM5,1,,Vishay http://www.vishay.com/docs/58000/ct20.pdf,CT6EP502 Any ceramic trim-pot with the same pinout is OK,http://www.digikey.com/scripts/DkSearch/dksus.dll?Detail?name=CT6EP502-ND,,,
50K (503) trim potentiometer,TM4,1,,Vishay http://www.vishay.com/docs/58000/ct20.pdf,CT6EP503 Any ceramic trim-pot with the same pinout is OK,http://www.digikey.com/scripts/DkSearch/dksus.dll?Detail?name=CT6EP503-ND,,,
500K (504) trim potentiometer,TM3,1,,Vishay http://www.vishay.com/docs/58000/ct20.pdf,CT6EP504 Any ceramic trim-pot with the same pinout is OK,http://www.digikey.com/scripts/DkSearch/dksus.dll?Detail?name=CT6EP504-ND,,,
50K D (log) potentiometer,VR3 VR5 VR8,3,EVU-F2LFL3D54,Panasonic http://panasonic.com/industrial/components/pdf/AOK0000CE4.pdf,,http://www.digikey.com/scripts/DkSearch/dksus.dll?Detail?name=P3L2503-ND,,,
50K B (linear) potentiometer,VR2 VR7,2,EVU-F2LFL3B54,Panasonic http://panasonic.com/industrial/components/pdf/AOK0000CE4.pdf,,http://www.digikey.com/scripts/DkSearch/dksus.dll?Detail?name=P3K1503-ND,,,
50K B (linear) dual potentiometer,VR4,1,RV112BCF-40-25F-B54,Alpha,,http://www.mouser.com/Search/ProductDetail.aspx?qs=B0UqcnvkTvZ34gJdwoXOUQ==,,,
1Meg A (log) dual potentiometer,VR6,1,RV112BCF-40-25F-A16,Alpha ,http://www.mouser.com/search/ProductDetail.aspx?R=317-2102F-1M,Mouser,http://www.newark.com/jsp/displayProduct.jsp?sku=49H6724,,
Switch cap (white),,8,ITT PE/WHT,http://www.ittcannon.com/media/pdf/catalogs/Leaf/PNpush_9aug.pdf,,http://www.digikey.com/scripts/DkSearch/dksus.dll?Detail?name=401-1155-ND,,,
Switch cap (black),,15,ITT PE/BLK,http://www.ittcannon.com/media/pdf/catalogs/Leaf/PNpush_9aug.pdf,,http://www.digikey.com/scripts/DkSearch/dksus.dll?Detail?name=401-1152-ND,Digikey http://www.newark.com/jsp/displayProduct.jsp?sku=49H6721,Newark,
Potentiometer knob,VR2' VR3' VR4' VR5' VR6' VR7' VR8' S2',8,,Eagle Plastic Devices http://www.mouser.com/catalog/specsheets/EPD-200219.pdf,Soft Touch Knob,http://www.mouser.com/search/ProductDetail.aspx?R=450-4760virtualkey56100000virtualkey450-4760,,,
Switch knob,S3' S4',2,1510AH,Davies http://www.alliedelec.com/Images/Products/Datasheets/BM/DAVIES_MOLDING_CO/Davies-Molding-Co_Enclosure-and-Cooling_5431510.pdf,,http://www.mouser.com/Search/ProductDetail.aspx?R=1510AHvirtualkey51200000virtualkey5164-1510AH,Mouser http://alliedelec.com/Search/ProductDetail.asp?SKU=543-1510&MPN=1510AH,Allied ,
15/32 x 1/4 x 4-40 standoff,,3,,Generic,http://www.mcmaster.com/itm/find.ASP?tab=find&context=psrchDtlLink&fasttrack=False&searchstring=91780A435,McMaster,,,
3/8 x 1/4 x 4-40 standoff,,4,,Generic,http://www.mcmaster.com/itm/find.ASP?tab=find&context=psrchDtlLink&fasttrack=False&searchstring=91780A163,McMaster,,,
4-40 lock washer,,7,,Generic,http://www.mcmaster.com/itm/find.ASP?tab=find&context=psrchDtlLink&fasttrack=False&searchstring=98438A210,McMaster,,,
4-40 washer,,4,,Generic,http://www.mcmaster.com/itm/find.ASP?tab=find&context=psrchDtlLink&fasttrack=False&searchstring=92141A005,McMaster,,,
4-40 x 1/4 hex button,,7,,Generic,http://www.mcmaster.com/itm/find.ASP?tab=find&context=psrchDtlLink&fasttrack=False&searchstring=92949A107,McMaster,,,
4-40 x 1/4 phillips button,,7,,Generic,http://www.mcmaster.com/itm/find.ASP?tab=find&context=psrchDtlLink&fasttrack=False&searchstring=90272a106,McMaster,,,
4-40 x 1/2 phillips cheesehead/fillister,,4,,Comes with case,http://www.mcmaster.com/itm/find.ASP?tab=find&context=psrchDtlLink&fasttrack=False&searchstring=91737A084,McMaster,,,
Rubber feet,,4,,Comes with case,,,,,
6 wire jumper ribbon cable OR 9 wire and 6 wire,,4 OR 2 x 9c and 1x 6c,WM09-06 WM06-06 WM03-06,,Molex http://www.molex.com/pdm_docs/sd/250010606_sd.pdf,http://www.digikey.com/scripts/DkSearch/dksus.dll?Detail?name=WM06-06A-ND,,,
10 ohm 5% resistor,R186 R164,2,,,,,,,
22 ohm 5% resistor,R20 R150,2,,,,,,,
27 ohm 5% resistor,R6 R7,2,,,,,,,
100 ohm 5% resistor ,R1 R95 R130 R132 R136 R152 R16,7,,,,,,,
150 ohm 5% resistor,R16,1,,,,,,,
220 ohm 5% resistor,R13 R14 R15 R18 R19,5,,,,,,,
470 ohm 5% resistor,R12,1,,,,,,,
1K 5% resistor,R2 R17 R137 R161,4,,,,,,,
1.5K 5% resistor,R8,1,,,,,,,
1.8K 5% resistor,R179,1,,,,,,,
2.2K 5% resistor,R21 R22 R23 R24 R67 R68 R69 R70 R71 R98 R104 R107 R108 R124 R125 R126 R133 R162 R178,19,,,,,,,
4.7K 5% resistor,R9 R135,2,,,,,,,
6.8K 5% resistor,R3,1,,,,,,,
10K 5% resistor,R10 R11 R34 R36 R47 R61 R64 R65 R94 R96 R97 R101 R105 R109 R112 R115 R116 R142 R143 R144 R145 R148 R149 R157 R158 R160,54,,,,,,,
22K 5% resistor,R45 R60 R110 R111 R117 R120 R129 R134 R146 R151,10,,,,,,,
33K 5% resistor,R159,1,,,,,,,
47K 5% resistor,R46 R119 R127 R155,4,,,,,,,
68K 5% resistor,R138,1,,,,,,,
100K 5% resistor,R25 R26 R27 R28 R35 R59 R66 R72 R73 R92 R93 R99 R102 R113 R114 R118 R122 R139 R140 R141 R153 R154 R156 R165,24,,,,,,,
220K 5% resistor,R62 R63 R103 R121 R128 R131 R235 R236,8,,,,,,,
1MEG 5% resistor,R91 R200,2,,,,,,,
1.5MEG 5% resistor,R123,1,,,,,,,
2.4K 1% resistor,R5,1,,,,,,,
5.6K 1% resistor,R4,1,,,,,,,
24.0K 1% resistor,R106,1,,,,,,,
200K 1% resistor,R74 R75 R76 R77 R78 R79 R80 R81 R82 R83 R84 R85 R86 R87 R88 R89 R90,17,,,,,,,
1K PTC Thermistor,R100A R100B,2,,Microohm http://www.micro-ohm.com/temperature/temprecflm.html,LPTC12T21001,Adafruit,,,
0.1uF (104) ceramic capacitor,C1 C2 C4 C6 C103 C104 C106 C107 C108 C109 C110 C111 C112 C113 C202 C204,16,,,,,,,
1.0uF (105) tantalum capacitor,C42 C62,2,Kemet T350A105K035AT,,,,,,
.001uF (2A102K) polyester capacitor,C34 C100 C101,3,PM2A102K,Xicon,http://www.mouser.com/catalog/specsheets/XC-600181.pdf,http://www.mouser.com/search/ProductDetail.aspx?R=140-PM2A102Kvirtualkey21980000virtualkey140-PM2A102K,,,
.0068uF (2A682K) polyester capacitor,C47,1,PF2A682K,Xicon,http://www.mouser.com/catalog/specsheets/XC-600181.pdf,http://www.mouser.com/search/ProductDetail.aspx?R=140-PF2A682Kvirtualkey21980000virtualkey140-PF2A682K,,,
.01uF (2A103K) polyester capacitor,C10 C20 C21 C33 C46,5,PM2A103K,Xicon,http://www.mouser.com/catalog/specsheets/XC-600181.pdf,http://www.mouser.com/search/ProductDetail.aspx?R=140-PM2A103Kvirtualkey21980000virtualkey140-PM2A103K,,,
.018uF (2A183K) polyester capacitor,C18,1,PF2A183K,Xicon,http://www.mouser.com/catalog/specsheets/XC-600181.pdf,http://www.mouser.com/search/ProductDetail.aspx?R=140-PF2A183Kvirtualkey21980000virtualkey140-PF2A183K,,,
.033uF (2A333K or J) polyester capacitor,C19 C24 C26 C36 C201,5,PM2A333K,Xicon,http://www.mouser.com/catalog/specsheets/XC-600181.pdf,http://www.mouser.com/search/ProductDetail.aspx?R=140-PM2A333Kvirtualkey21980000virtualkey140-PM2A333K,,,
.047uF (2A473K) polyester capacitor,C54,1,PM2A473K,Xicon,http://www.mouser.com/catalog/specsheets/XC-600181.pdf,http://www.mouser.com/search/ProductDetail.aspx?R=140-PM2A473Kvirtualkey21980000virtualkey140-PM2A473K,,,
.068uF (2A683K) polyester capacitor,C45,1,PF2A683K,Xicon,http://www.mouser.com/catalog/specsheets/XC-600181.pdf,http://www.mouser.com/search/ProductDetail.aspx?R=140-PF2A683Kvirtualkey21980000virtualkey140-PF2A683K,,,
.1uF (2A104K) polyester capacitor,C25 C27 C41,3,PM2A104K,Xicon,http://www.mouser.com/catalog/specsheets/XC-600181.pdf,http://www.mouser.com/search/ProductDetail.aspx?R=140-PM2A104Kvirtualkey21980000virtualkey140-PM2A104K,,,
.22uF (2A224K) polyester capacitor,C35,1,PM2A224K,Xicon,http://www.mouser.com/catalog/specsheets/XC-600181.pdf,http://www.mouser.com/search/ProductDetail.aspx?R=140-PM2A224Kvirtualkey21980000virtualkey140-PM2A224K,,,
1.0uF 50V electrolytic capacitor,C11 C13 C14 C15 C17 C22 C23 C29 C38 C105 C58 C59 C56,13,,,http://www.mouser.com/search/ProductDetail.aspx?R=140-XRL50V1.0-RCvirtualkey21980000virtualkey140-XRL50V1.0-RC,,,,
2.2uF 50V electolytic capacitor,C51,1,,,http://www.mouser.com/search/ProductDetail.aspx?R=140-XRL50V2.2-RCvirtualkey21980000virtualkey140-XRL50V2.2-RC,,,,
10uF 16V (or 35V) electrolytic capacitor,C16 C30 C31 C32 C37 C40 C50 C52 C60 C61 C72 C203 C205,13,,,http://www.mouser.com/search/ProductDetail.aspx?R=140-XRL16V10-RCvirtualkey21980000virtualkey140-XRL16V10-RC,,,,
47uF 10V electrolytic capacitor,C28 C44 C53 C55,4,,,http://www.mouser.com/search/ProductDetail.aspx?R=140-XRL16V47-RCvirtualkey21980000virtualkey140-XRL16V47-RC,,,,
100uF 10V electrolytic capacitor,C48 C49 C102,3,,,http://www.mouser.com/search/ProductDetail.aspx?R=140-XRL25V100-RCvirtualkey21980000virtualkey140-XRL25V100-RC,,,,
100uF 25V electrolytic capacitor,C7 C8,2,,,http://www.mouser.com/search/ProductDetail.aspx?R=140-XRL10V100-RCvirtualkey21980000virtualkey140-XRL10V100-RC,,,,
1000uF 10V electrolytic capacitor,C43,1,,,http://www.mouser.com/search/ProductDetail.aspx?R=140-XRL10V1000-RCvirtualkey21980000virtualkey140-XRL10V1000-RC,,,,
2200uF 16V electolytic capacitor,C3 C5,2,,,http://www.mouser.com/search/ProductDetail.aspx?R=140-XRL16V2200-RCvirtualkey21980000virtualkey140-XRL16V2200-RC,,,,
